section,in_resume,title,institution,loc,start,end,description_1,description_2,description_3
education,TRUE,"PhD. Student, Criminology/Criminal Justice",Arizona State University,"Phoenix, AZ",2024,2028,A third year doctoral student with a research interest in intelligence-led policing,NA,NA
education,TRUE,"M.S., Criminology/Criminal Justice",California State University- Long Beach ,"Long Beach, CA",2022,2024,"Thesis: The Effect of Intelligence on Illicit Fentanyl Distribution Networks in Long Beach City (Chair: Aili Malm, Ph.D.)",NA,NA
education,TRUE,"B.S., Criminal Justice, Pscychology",Fresno Pacific University ,"Fresno, CA",2017,2022,"Senior      
Highest Honors",NA,NA
research_positions,FALSE,Research Assistant,California State University- Long Beach ,"Long Beach, CA",2023,2024,"Independently analyzed and constructed research, statistical models, and porgram evaluations on drugs and crime. ",NA,NA
research_positions,FALSE,Graduate Research Assistant,Center for Violence Prevention and Community Safety,Arizona State University,2024,2026,Conducted meta analysis procedures for Body Worn Cameras. ,Analyzed and visualized ACES data ,Transcribed interviews from correctional and police officers 
industry_positions,FALSE,Intern,Kings View: Blue Sky Wellness Center,"Fresno, CA",2022,2022,Facilitated rehab groups for mental health patients ,NA,NA
industry_positions,FALSE,Intern,County of Tulare Probation Department,"Visalia, CA",2022,2022,Assisted in the adult division under the Supervised Own Recognizance Release (SORR) program,Provided and obtained information on reports and entered data into the department's  filing system,Translated conversations in Spanish during intakes between the probation officer and defendant
industry_positions,FALSE,Investigations Specialist Intern,Sony Pictures Entertainment,"Culver City, CA",2023,2023,Configured Threat and Risk assessments for the investigation and e-forensics team,"Analyzed fraudulent checks reported by production teams, corporate fraud, copyright infringement, and cyber-criminal activity","Documented incident reports, BOLOs, advisories, person's records, and background checks into the investigation software program Perspective"
industry_positions,FALSE,Asset Protection Coordinator,Bass Pro Shop ,"Irvine, CA",2024,2024,"Responsible for monitoring premises, controlling access, patrolling areas, and responding to security incidents",Conducted the first Internal and External case at the Irvine location,"Implemented strategies to prevent theft, fraud, and other losses, conducting investigations into incidents, and collaborating with Irvine Police Department"
industry_positions,TRUE,Ocean Lifeguard II,Newport Beach Fire Department ,"Newport Beach, CA",2018,2026,"Responded promptly to emergencies on the beach and in water, trained in first aid, CPR, EMR, and coordination for hospital transportation","Operated city vehicles, patrolled assigned areas, and facilitated transportation for medical calls with the fire department","Operated as an assistant dispatcher, assisted with radio transmission, documented stats into CAD, and generated surf reports"
teaching_positions,FALSE,CRJU: 304 Criminological Theory ,Criminology/Criminal Justice Department ,"Long Beach, CA",2023,2023,TA and lectured,Covered introduction to statistics,Undergraduate level class
teaching_positions,FALSE,CRJU: 325 Statistics,Criminology/Criminal Justice Department ,"Long Beach, CA",2024,2024,TA and lectured,Covered introduction to criminological theory ,Undergraduate level class
teaching_positions,FALSE,"CRJ: 304 Inequality, Crime, and Criminal Justice ",Criminology/Criminal Justice Department ,"Phoenix, AZ",2025,2025,Instructor ,"Explores variability in the perpetration, apprehension, prosecution, and punishment of crime, 
criminal victimization, by race, ethnicity, class and socio-economic status, religion, gender and
gender identity, sexual orientation, and disability status",Undergraduate level class
teaching_positions,FALSE,CRJ: 230 Introduction to Policing ,Criminology/Criminal Justice Department ,"Phoenix, AZ",2026,2026,Instructor ,"he
course will cover the history of policing in the United States and how the profession has developed over
time and into the 21st Century. The class will also address contemporary conditions of police work and
the current challenges in law enforcement.",Undergraduate level class
teaching_positions,FALSE,CRJ: 315 Police Organization and Management ,Criminology/Criminal Justice Department ,"Phoenix, AZ",2026,2026,Instructor ,This course focuses on a number of topics related to police organization and management. ,Undergraduate level class